<?xml version="1.0" encoding="UTF-8"?>
<project-private xmlns="http://www.netbeans.org/ns/project-private/1">
    <editor-bookmarks xmlns="http://www.netbeans.org/ns/editor-bookmarks/2" lastBookmarkId="0"/>
    <open-files xmlns="http://www.netbeans.org/ns/projectui-open-files/2">
        <group name="SYST10199">
            <file>file:/D:/Users/EDU/Documents/Sheridan/Term%202/PROG24178/workspace/Sudoku/src/logic/Solver.java</file>
            <file>file:/D:/Users/EDU/Documents/Sheridan/Term%202/PROG24178/workspace/Sudoku/src/main.java</file>
            <file>file:/D:/Users/EDU/Documents/Sheridan/Term%202/PROG24178/workspace/Sudoku/src/logic/Grid.java</file>
            <file>file:/D:/Users/EDU/Documents/Sheridan/Term%202/PROG24178/workspace/Sudoku/src/logic/Puzzle.java</file>
        </group>
        <group name="workspace">
            <file>file:/D:/Users/EDU/Documents/Sheridan/Term%202/PROG24178/workspace/Sudoku/src/logic/Solver.java</file>
            <file>file:/D:/Users/EDU/Documents/Sheridan/Term%202/PROG24178/workspace/Sudoku/src/gui/Window.java</file>
        </group>
        <group name="PROG24178">
            <file>file:/D:/Users/EDU/Documents/Sheridan/Term%202/PROG24178/workspace/Sudoku/src/logic/Solver.java</file>
            <file>file:/D:/Users/EDU/Documents/Sheridan/Term%202/PROG24178/workspace/Sudoku/src/gui/Window.java</file>
        </group>
    </open-files>
</project-private>
